[{"date":"2022-02-27T00:00:00Z","event":"http://www.wikidata.org/entity/Q1975890","eventLabel":"Fastelavn"},{"date":"2022-03-13T00:00:00Z","event":"http://www.wikidata.org/entity/Q84078720","eventLabel":"2022 Colombian parliamentary election"},{"date":"2022-03-01T00:00:00Z","event":"http://www.wikidata.org/entity/Q85737993","eventLabel":"2022 Manipur Legislative Assembly election"},{"date":"2022-03-01T00:00:00Z","event":"http://www.wikidata.org/entity/Q85738025","eventLabel":"Uttar Pradesh election"},{"date":"2022-03-01T00:00:00Z","event":"http://www.wikidata.org/entity/Q96370931","eventLabel":"2021 City of London Corporation election"},{"date":"2022-03-19T00:00:00Z","event":"http://www.wikidata.org/entity/Q108050609","eventLabel":"Coding da Vinci Ost³"},{"date":"2022-03-04T00:00:00Z","event":"http://www.wikidata.org/entity/Q110088210","eventLabel":"2022 Winter Paralympics opening ceremony"},{"date":"2022-03-13T00:00:00Z","event":"http://www.wikidata.org/entity/Q110088253","eventLabel":"2022 Winter Paralympics closing ceremony"},{"date":"2022-03-01T00:00:00Z","event":"http://www.wikidata.org/entity/Q110269689","eventLabel":"2022 State of the Union Address"},{"date":"2022-03-21T00:00:00Z","event":"http://www.wikidata.org/entity/Q110628398","eventLabel":"Wikimedia CEE Spring 2022"}]